Method,Job,AnalyzeLaunchVariance,EvaluateOverhead,MaxAbsoluteError,MaxRelativeError,MinInvokeCount,MinIterationTime,RemoveOutliers,Affinity,Jit,Platform,Runtime,AllowVeryLargeObjects,Concurrent,CpuGroups,Force,HeapAffinitizeMask,HeapCount,NoAffinitize,RetainVm,Server,Arguments,BuildConfiguration,Clock,EngineFactory,EnvironmentVariables,Toolchain,IsBaseline,InvocationCount,IterationTime,LaunchCount,RunStrategy,TargetCount,UnrollFactor,WarmupCount,Mean,Error,StdDev
InsertRangeItems,Default,False,Default,Default,Default,Default,Default,Default,255,RyuJit,X64,Core,False,True,False,True,Default,Default,False,False,False,Default,Default,Default,Default,Default,Default,Default,1,Default,Default,Default,Default,16,Default,"188,551.33 us",805.5416 us,628.9138 us
SingleInsertItems,Default,False,Default,Default,Default,Default,Default,Default,255,RyuJit,X64,Core,False,True,False,True,Default,Default,False,False,False,Default,Default,Default,Default,Default,Default,Default,1,Default,Default,Default,Default,16,Default,"237,413.56 us","5,622.7801 us","6,249.7046 us"
OverwriteValues,Default,False,Default,Default,Default,Default,Default,Default,255,RyuJit,X64,Core,False,True,False,True,Default,Default,False,False,False,Default,Default,Default,Default,Default,Default,Default,1,Default,Default,Default,Default,16,Default,"237,384.72 us","2,527.4861 us","2,240.5503 us"
IterateThroughEveryEntry,Default,False,Default,Default,Default,Default,Default,Default,255,RyuJit,X64,Core,False,True,False,True,Default,Default,False,False,False,Default,Default,Default,Default,Default,Default,Default,1,Default,Default,Default,Default,16,Default,"1,270.81 us",19.7085 us,18.4354 us
GetValueOfFirst,Default,False,Default,Default,Default,Default,Default,Default,255,RyuJit,X64,Core,False,True,False,True,Default,Default,False,False,False,Default,Default,Default,Default,Default,Default,Default,1,Default,Default,Default,Default,16,Default,"1,378.73 us",22.8847 us,21.4063 us
GetValueOfMiddle,Default,False,Default,Default,Default,Default,Default,Default,255,RyuJit,X64,Core,False,True,False,True,Default,Default,False,False,False,Default,Default,Default,Default,Default,Default,Default,1,Default,Default,Default,Default,16,Default,13.69 us,0.1714 us,0.1603 us
GetValueOfEnd,Default,False,Default,Default,Default,Default,Default,Default,255,RyuJit,X64,Core,False,True,False,True,Default,Default,False,False,False,Default,Default,Default,Default,Default,Default,Default,1,Default,Default,Default,Default,16,Default,"1,366.08 us",26.9650 us,25.2231 us
IterateThroughEveryEntryAndReadValue,Default,False,Default,Default,Default,Default,Default,Default,255,RyuJit,X64,Core,False,True,False,True,Default,Default,False,False,False,Default,Default,Default,Default,Default,Default,Default,1,Default,Default,Default,Default,16,Default,"82,201.33 us",731.7281 us,684.4588 us
CleanFromDatabase,Default,False,Default,Default,Default,Default,Default,Default,255,RyuJit,X64,Core,False,True,False,True,Default,Default,False,False,False,Default,Default,Default,Default,Default,Default,Default,1,Default,Default,Default,Default,16,Default,"281,773.34 us","3,347.8844 us","3,131.6128 us"
CleanToDatabase,Default,False,Default,Default,Default,Default,Default,Default,255,RyuJit,X64,Core,False,True,False,True,Default,Default,False,False,False,Default,Default,Default,Default,Default,Default,Default,1,Default,Default,Default,Default,16,Default,"277,571.14 us","2,478.2186 us","2,318.1270 us"
